python_name,Type,ch4_rich_water_low_Y0,ch4_rich_water_low_Y1,ch4_rich_water_low_Y2,ch4_rich_water_low_Y3,ch4_rich_water_low_Y4,ch4_rich_water_low_Y5,ch4_rich_water_low_Y6,ch4_rich_water_low_Y7,ch4_rich_water_low_Y8,ch4_rich_water_low_Y9,ch4_rich_water_low_Y10,ch4_rich_water_low_Y11,ch4_rich_water_low_Y12,ch4_rich_water_low_Y13,ch4_rich_water_low_Y14,ch4_rich_water_low_Y15,ch4_rich_water_low_Y16,ch4_rich_water_low_Y17,ch4_rich_water_low_Y18,ch4_rich_water_low_Y19,ch4_rich_water_low_Y20,ch4_rich_water_low_Y21,ch4_rich_water_low_Y22,ch4_rich_water_low_Y23,ch4_rich_water_low_Y24,ch4_rich_water_low_Y25,ch4_rich_water_low_Y26,ch4_rich_water_low_Y27,ch4_rich_water_low_Y28,ch4_rich_water_low_Y29
downhole_pump_option,str,downhole_pump_on,downhole_pump_on,downhole_pump_on,downhole_pump_on,downhole_pump_on,downhole_pump_on,downhole_pump_on,downhole_pump_on,downhole_pump_on,downhole_pump_on,downhole_pump_on,downhole_pump_on,downhole_pump_on,downhole_pump_on,downhole_pump_on,downhole_pump_on,downhole_pump_on,downhole_pump_on,downhole_pump_on,downhole_pump_on,downhole_pump_on,downhole_pump_on,downhole_pump_on,downhole_pump_on,downhole_pump_on,downhole_pump_on,downhole_pump_on,downhole_pump_on,downhole_pump_on,downhole_pump_on
dehydrator_option,str,dehydrator_off,dehydrator_off,dehydrator_off,dehydrator_off,dehydrator_off,dehydrator_off,dehydrator_off,dehydrator_off,dehydrator_off,dehydrator_off,dehydrator_off,dehydrator_off,dehydrator_off,dehydrator_off,dehydrator_off,dehydrator_off,dehydrator_off,dehydrator_off,dehydrator_off,dehydrator_off,dehydrator_off,dehydrator_off,dehydrator_off,dehydrator_off,dehydrator_off,dehydrator_off,dehydrator_off,dehydrator_off,dehydrator_off,dehydrator_off
agr_option,str,agr_off,agr_off,agr_off,agr_off,agr_off,agr_off,agr_off,agr_off,agr_off,agr_off,agr_off,agr_off,agr_off,agr_off,agr_off,agr_off,agr_off,agr_off,agr_off,agr_off,agr_off,agr_off,agr_off,agr_off,agr_off,agr_off,agr_off,agr_off,agr_off,agr_off
waste_gas_treatment,str,onsite_electricity_generation,onsite_electricity_generation,onsite_electricity_generation,onsite_electricity_generation,onsite_electricity_generation,onsite_electricity_generation,onsite_electricity_generation,onsite_electricity_generation,onsite_electricity_generation,onsite_electricity_generation,onsite_electricity_generation,onsite_electricity_generation,onsite_electricity_generation,onsite_electricity_generation,onsite_electricity_generation,onsite_electricity_generation,onsite_electricity_generation,onsite_electricity_generation,onsite_electricity_generation,onsite_electricity_generation,onsite_electricity_generation,onsite_electricity_generation,onsite_electricity_generation,onsite_electricity_generation,onsite_electricity_generation,onsite_electricity_generation,onsite_electricity_generation,onsite_electricity_generation,onsite_electricity_generation,onsite_electricity_generation
onsite_generation_waste_gas_reinjection,int,1,1,1,1,1,1,1,1,1,1,1,1,1,1,1,1,1,1,1,1,1,1,1,1,1,1,1,1,1,1
waste_water_option,str,surface_discharge,surface_discharge,surface_discharge,surface_discharge,surface_discharge,surface_discharge,surface_discharge,surface_discharge,surface_discharge,surface_discharge,surface_discharge,surface_discharge,surface_discharge,surface_discharge,surface_discharge,surface_discharge,surface_discharge,surface_discharge,surface_discharge,surface_discharge,surface_discharge,surface_discharge,surface_discharge,surface_discharge,surface_discharge,surface_discharge,surface_discharge,surface_discharge,surface_discharge,surface_discharge
downhole_pump,int,1,1,1,1,1,1,1,1,1,1,1,1,1,1,1,1,1,1,1,1,1,1,1,1,1,1,1,1,1,1
water_reinjection,int,1,1,1,1,1,1,1,1,1,1,1,1,1,1,1,1,1,1,1,1,1,1,1,1,1,1,1,1,1,1
natural_gas_reinjection,int,1,1,1,1,1,1,1,1,1,1,1,1,1,1,1,1,1,1,1,1,1,1,1,1,1,1,1,1,1,1
water_flooding,int,0,0,0,0,0,0,0,0,0,0,0,0,0,0,0,0,0,0,0,0,0,0,0,0,0,0,0,0,0,0
gas_lifting,int,0,0,0,0,0,0,0,0,0,0,0,0,0,0,0,0,0,0,0,0,0,0,0,0,0,0,0,0,0,0
gas_flooding,int,0,0,0,0,0,0,0,0,0,0,0,0,0,0,0,0,0,0,0,0,0,0,0,0,0,0,0,0,0,0
steam_flooding,int,0,0,0,0,0,0,0,0,0,0,0,0,0,0,0,0,0,0,0,0,0,0,0,0,0,0,0,0,0,0
country,str,USA,USA,USA,USA,USA,USA,USA,USA,USA,USA,USA,USA,USA,USA,USA,USA,USA,USA,USA,USA,USA,USA,USA,USA,USA,USA,USA,USA,USA,USA
name,str,ch4_rich_water_low_Y1,ch4_rich_water_low_Y2,ch4_rich_water_low_Y3,ch4_rich_water_low_Y4,ch4_rich_water_low_Y5,ch4_rich_water_low_Y6,ch4_rich_water_low_Y7,ch4_rich_water_low_Y8,ch4_rich_water_low_Y9,ch4_rich_water_low_Y10,ch4_rich_water_low_Y11,ch4_rich_water_low_Y12,ch4_rich_water_low_Y13,ch4_rich_water_low_Y14,ch4_rich_water_low_Y15,ch4_rich_water_low_Y16,ch4_rich_water_low_Y17,ch4_rich_water_low_Y18,ch4_rich_water_low_Y19,ch4_rich_water_low_Y20,ch4_rich_water_low_Y21,ch4_rich_water_low_Y22,ch4_rich_water_low_Y23,ch4_rich_water_low_Y24,ch4_rich_water_low_Y25,ch4_rich_water_low_Y26,ch4_rich_water_low_Y27,ch4_rich_water_low_Y28,ch4_rich_water_low_Y29,ch4_rich_water_low_Y30
age,int,1,2,3,4,5,6,7,8,9,10,11,12,13,14,15,16,17,18,19,20,21,22,23,24,25,26,27,28,29,30
depth,float,10000,10000,10000,10000,10000,10000,10000,10000,10000,10000,10000,10000,10000,10000,10000,10000,10000,10000,10000,10000,10000,10000,10000,10000,10000,10000,10000,10000,10000,10000
oil_prod,float,0.1,0.1,0.1,0.1,0.1,0.1,0.1,0.1,0.1,0.1,0.1,0.1,0.1,0.1,0.1,0.1,0.1,0.1,0.1,0.1,0.1,0.1,0.1,0.1,0.1,0.1,0.1,0.1,0.1,0.1
num_prod_wells,int,8,8,8,8,8,8,8,8,8,8,8,8,8,8,8,8,8,8,8,8,8,8,8,8,8,8,8,8,8,8
num_water_inj_wells,int,0,0,0,0,0,0,0,0,0,0,0,0,0,0,0,0,0,0,0,0,0,0,0,0,0,0,0,0,0,0
res_press,float,4500.0,4500.0,4500.0,4500.0,4500.0,4500.0,4500.0,4500.0,4500.0,4500.0,4500.0,4500.0,4500.0,4500.0,4500.0,4500.0,4500.0,4500.0,4500.0,4500.0,4500.0,4500.0,4500.0,4500.0,4500.0,4500.0,4500.0,4500.0,4500.0,4500.0
offshore,int,0,0,0,0,0,0,0,0,0,0,0,0,0,0,0,0,0,0,0,0,0,0,0,0,0,0,0,0,0,0
gas_comp_N2,float,0,0,0,0,0,0,0,0,0,0,0,0,0,0,0,0,0,0,0,0,0,0,0,0,0,0,0,0,0,0
gas_comp_CO2,float,2,2,2,2,2,2,2,2,2,2,2,2,2,2,2,2,2,2,2,2,2,2,2,2,2,2,2,2,2,2
gas_comp_C1,float,10,10,10,10,10,10,10,10,10,10,10,10,10,10,10,10,10,10,10,10,10,10,10,10,10,10,10,10,10,10
gas_comp_C2,float,0,0,0,0,0,0,0,0,0,0,0,0,0,0,0,0,0,0,0,0,0,0,0,0,0,0,0,0,0,0
gas_comp_C3,float,0,0,0,0,0,0,0,0,0,0,0,0,0,0,0,0,0,0,0,0,0,0,0,0,0,0,0,0,0,0
gas_comp_C4,float,0,0,0,0,0,0,0,0,0,0,0,0,0,0,0,0,0,0,0,0,0,0,0,0,0,0,0,0,0,0
gas_comp_H2S,float,0,0,0,0,0,0,0,0,0,0,0,0,0,0,0,0,0,0,0,0,0,0,0,0,0,0,0,0,0,0
gas_comp_H2,float,80,80,80,80,80,80,80,80,80,80,80,80,80,80,80,80,80,80,80,80,80,80,80,80,80,80,80,80,80,80
GOR,float,23889412.181661822,21500470.96349564,19350423.86714608,17415381.48043147,15673843.33238832,14106458.999149492,12695813.099234542,11426231.789311089,10283608.61037998,9255247.749341983,8329722.974407784,7496750.676967005,6747075.609270305,6072368.048343275,5465131.243508947,4918618.119158053,4426756.307242247,3984080.676518024,3585672.6088662203,3227105.347979599,2904394.813181639,2613955.331863475,2352559.7986771283,2117303.818809415,1905573.4369284734,1715016.0932356261,1543514.4839120638,1389163.0355208572,1250246.7319687717,1125222.0587718943
WOR,float,2.388941218166182,2.1500470963495637,1.9350423867146078,1.741538148043147,1.5673843332388318,1.4106458999149492,1.269581309923454,1.1426231789311088,1.028360861037998,0.9255247749341983,0.8329722974407784,0.7496750676967004,0.6747075609270305,0.6072368048343274,0.5465131243508947,0.49186181191580525,0.4426756307242247,0.39840806765180237,0.358567260886622,0.3227105347979599,0.2904394813181639,0.2613955331863475,0.23525597986771282,0.2117303818809415,0.19055734369284733,0.1715016093235626,0.15435144839120638,0.1389163035520857,0.12502467319687716,0.11252220587718943
fraction_elec_onsite,float,1.0,1.0,1.0,1.0,1.0,1.0,1.0,1.0,1.0,1.0,1.0,1.0,1.0,1.0,1.0,1.0,1.0,1.0,1.0,1.0,1.0,1.0,1.0,1.0,1.0,1.0,1.0,1.0,1.0,1.0
fraction_remaining_gas_inj,float,1.0,1.0,1.0,1.0,1.0,1.0,1.0,1.0,1.0,1.0,1.0,1.0,1.0,1.0,1.0,1.0,1.0,1.0,1.0,1.0,1.0,1.0,1.0,1.0,1.0,1.0,1.0,1.0,1.0,1.0
fraction_water_reinjected,float,1,1,1,1,1,1,1,1,1,1,1,1,1,1,1,1,1,1,1,1,1,1,1,1,1,1,1,1,1,1
frac_venting,float,1,1,1,1,1,1,1,1,1,1,1,1,1,1,1,1,1,1,1,1,1,1,1,1,1,1,1,1,1,1
PsaPreCompressor.suction_pressure,float,64.7,64.7,64.7,64.7,64.7,64.7,64.7,64.7,64.7,64.7,64.7,64.7,64.7,64.7,64.7,64.7,64.7,64.7,64.7,64.7,64.7,64.7,64.7,64.7,64.7,64.7,64.7,64.7,64.7,64.7
PsaPreCompressor.discharge_pressure,float,464.7,464.7,464.7,464.7,464.7,464.7,464.7,464.7,464.7,464.7,464.7,464.7,464.7,464.7,464.7,464.7,464.7,464.7,464.7,464.7,464.7,464.7,464.7,464.7,464.7,464.7,464.7,464.7,464.7,464.7
PsaPreCompressor.prime_mover_type,str,Electric_motor,Electric_motor,Electric_motor,Electric_motor,Electric_motor,Electric_motor,Electric_motor,Electric_motor,Electric_motor,Electric_motor,Electric_motor,Electric_motor,Electric_motor,Electric_motor,Electric_motor,Electric_motor,Electric_motor,Electric_motor,Electric_motor,Electric_motor,Electric_motor,Electric_motor,Electric_motor,Electric_motor,Electric_motor,Electric_motor,Electric_motor,Electric_motor,Electric_motor,Electric_motor
PressureSwingAdsorption.flaring,int,0,0,0,0,0,0,0,0,0,0,0,0,0,0,0,0,0,0,0,0,0,0,0,0,0,0,0,0,0,0
slip_rate,float,0.1,0.1,0.1,0.1,0.1,0.1,0.1,0.1,0.1,0.1,0.1,0.1,0.1,0.1,0.1,0.1,0.1,0.1,0.1,0.1,0.1,0.1,0.1,0.1,0.1,0.1,0.1,0.1,0.1,0.1
PSA_waste_gas_P,float,15.7,15.7,15.7,15.7,15.7,15.7,15.7,15.7,15.7,15.7,15.7,15.7,15.7,15.7,15.7,15.7,15.7,15.7,15.7,15.7,15.7,15.7,15.7,15.7,15.7,15.7,15.7,15.7,15.7,15.7
PSA_waste_gas_T,float,32,32,32,32,32,32,32,32,32,32,32,32,32,32,32,32,32,32,32,32,32,32,32,32,32,32,32,32,32,32
DownholePump.prime_mover_type,str,Electric_motor,Electric_motor,Electric_motor,Electric_motor,Electric_motor,Electric_motor,Electric_motor,Electric_motor,Electric_motor,Electric_motor,Electric_motor,Electric_motor,Electric_motor,Electric_motor,Electric_motor,Electric_motor,Electric_motor,Electric_motor,Electric_motor,Electric_motor,Electric_motor,Electric_motor,Electric_motor,Electric_motor,Electric_motor,Electric_motor,Electric_motor,Electric_motor,Electric_motor,Electric_motor
Separation.prime_mover_type,str,Electric_motor,Electric_motor,Electric_motor,Electric_motor,Electric_motor,Electric_motor,Electric_motor,Electric_motor,Electric_motor,Electric_motor,Electric_motor,Electric_motor,Electric_motor,Electric_motor,Electric_motor,Electric_motor,Electric_motor,Electric_motor,Electric_motor,Electric_motor,Electric_motor,Electric_motor,Electric_motor,Electric_motor,Electric_motor,Electric_motor,Electric_motor,Electric_motor,Electric_motor,Electric_motor
GasReinjectionCompressor.prime_mover_type,str,Electric_motor,Electric_motor,Electric_motor,Electric_motor,Electric_motor,Electric_motor,Electric_motor,Electric_motor,Electric_motor,Electric_motor,Electric_motor,Electric_motor,Electric_motor,Electric_motor,Electric_motor,Electric_motor,Electric_motor,Electric_motor,Electric_motor,Electric_motor,Electric_motor,Electric_motor,Electric_motor,Electric_motor,Electric_motor,Electric_motor,Electric_motor,Electric_motor,Electric_motor,Electric_motor
GasDehydration.prime_mover_type,str,GAS_engine,GAS_engine,GAS_engine,GAS_engine,GAS_engine,GAS_engine,GAS_engine,GAS_engine,GAS_engine,GAS_engine,GAS_engine,GAS_engine,GAS_engine,GAS_engine,GAS_engine,GAS_engine,GAS_engine,GAS_engine,GAS_engine,GAS_engine,GAS_engine,GAS_engine,GAS_engine,GAS_engine,GAS_engine,GAS_engine,GAS_engine,GAS_engine,GAS_engine,GAS_engine
AcidGasRemoval.prime_mover_type,str,GAS_engine,GAS_engine,GAS_engine,GAS_engine,GAS_engine,GAS_engine,GAS_engine,GAS_engine,GAS_engine,GAS_engine,GAS_engine,GAS_engine,GAS_engine,GAS_engine,GAS_engine,GAS_engine,GAS_engine,GAS_engine,GAS_engine,GAS_engine,GAS_engine,GAS_engine,GAS_engine,GAS_engine,GAS_engine,GAS_engine,GAS_engine,GAS_engine,GAS_engine,GAS_engine
SourGasCompressor.prime_mover_type,str,Electric_motor,Electric_motor,Electric_motor,Electric_motor,Electric_motor,Electric_motor,Electric_motor,Electric_motor,Electric_motor,Electric_motor,Electric_motor,Electric_motor,Electric_motor,Electric_motor,Electric_motor,Electric_motor,Electric_motor,Electric_motor,Electric_motor,Electric_motor,Electric_motor,Electric_motor,Electric_motor,Electric_motor,Electric_motor,Electric_motor,Electric_motor,Electric_motor,Electric_motor,Electric_motor
WaterInjection.prime_mover_type,str,Electric_motor,Electric_motor,Electric_motor,Electric_motor,Electric_motor,Electric_motor,Electric_motor,Electric_motor,Electric_motor,Electric_motor,Electric_motor,Electric_motor,Electric_motor,Electric_motor,Electric_motor,Electric_motor,Electric_motor,Electric_motor,Electric_motor,Electric_motor,Electric_motor,Electric_motor,Electric_motor,Electric_motor,Electric_motor,Electric_motor,Electric_motor,Electric_motor,Electric_motor,Electric_motor
