python_name,Type,ch4_20_low_eur_Y0,ch4_20_low_eur_Y1,ch4_20_low_eur_Y2,ch4_20_low_eur_Y3,ch4_20_low_eur_Y4,ch4_20_low_eur_Y5,ch4_20_low_eur_Y6,ch4_20_low_eur_Y7,ch4_20_low_eur_Y8,ch4_20_low_eur_Y9,ch4_20_low_eur_Y10,ch4_20_low_eur_Y11,ch4_20_low_eur_Y12,ch4_20_low_eur_Y13,ch4_20_low_eur_Y14,ch4_20_low_eur_Y15,ch4_20_low_eur_Y16,ch4_20_low_eur_Y17,ch4_20_low_eur_Y18,ch4_20_low_eur_Y19,ch4_20_low_eur_Y20,ch4_20_low_eur_Y21,ch4_20_low_eur_Y22,ch4_20_low_eur_Y23,ch4_20_low_eur_Y24,ch4_20_low_eur_Y25,ch4_20_low_eur_Y26,ch4_20_low_eur_Y27,ch4_20_low_eur_Y28,ch4_20_low_eur_Y29
downhole_pump_option,str,downhole_pump_on,downhole_pump_on,downhole_pump_on,downhole_pump_on,downhole_pump_on,downhole_pump_on,downhole_pump_on,downhole_pump_on,downhole_pump_on,downhole_pump_on,downhole_pump_on,downhole_pump_on,downhole_pump_on,downhole_pump_on,downhole_pump_on,downhole_pump_on,downhole_pump_on,downhole_pump_on,downhole_pump_on,downhole_pump_on,downhole_pump_on,downhole_pump_on,downhole_pump_on,downhole_pump_on,downhole_pump_on,downhole_pump_on,downhole_pump_on,downhole_pump_on,downhole_pump_on,downhole_pump_on
dehydrator_option,str,dehydrator_off,dehydrator_off,dehydrator_off,dehydrator_off,dehydrator_off,dehydrator_off,dehydrator_off,dehydrator_off,dehydrator_off,dehydrator_off,dehydrator_off,dehydrator_off,dehydrator_off,dehydrator_off,dehydrator_off,dehydrator_off,dehydrator_off,dehydrator_off,dehydrator_off,dehydrator_off,dehydrator_off,dehydrator_off,dehydrator_off,dehydrator_off,dehydrator_off,dehydrator_off,dehydrator_off,dehydrator_off,dehydrator_off,dehydrator_off
agr_option,str,agr_off,agr_off,agr_off,agr_off,agr_off,agr_off,agr_off,agr_off,agr_off,agr_off,agr_off,agr_off,agr_off,agr_off,agr_off,agr_off,agr_off,agr_off,agr_off,agr_off,agr_off,agr_off,agr_off,agr_off,agr_off,agr_off,agr_off,agr_off,agr_off,agr_off
waste_gas_treatment,str,onsite_electricity_generation,onsite_electricity_generation,onsite_electricity_generation,onsite_electricity_generation,onsite_electricity_generation,onsite_electricity_generation,onsite_electricity_generation,onsite_electricity_generation,onsite_electricity_generation,onsite_electricity_generation,onsite_electricity_generation,onsite_electricity_generation,onsite_electricity_generation,onsite_electricity_generation,onsite_electricity_generation,onsite_electricity_generation,onsite_electricity_generation,onsite_electricity_generation,onsite_electricity_generation,onsite_electricity_generation,onsite_electricity_generation,onsite_electricity_generation,onsite_electricity_generation,onsite_electricity_generation,onsite_electricity_generation,onsite_electricity_generation,onsite_electricity_generation,onsite_electricity_generation,onsite_electricity_generation,onsite_electricity_generation
onsite_generation_waste_gas_reinjection,int,1,1,1,1,1,1,1,1,1,1,1,1,1,1,1,1,1,1,1,1,1,1,1,1,1,1,1,1,1,1
waste_water_option,str,subsurface_discharge,subsurface_discharge,subsurface_discharge,subsurface_discharge,subsurface_discharge,subsurface_discharge,subsurface_discharge,subsurface_discharge,subsurface_discharge,subsurface_discharge,subsurface_discharge,subsurface_discharge,subsurface_discharge,subsurface_discharge,subsurface_discharge,subsurface_discharge,subsurface_discharge,subsurface_discharge,subsurface_discharge,subsurface_discharge,subsurface_discharge,subsurface_discharge,subsurface_discharge,subsurface_discharge,subsurface_discharge,subsurface_discharge,subsurface_discharge,subsurface_discharge,subsurface_discharge,subsurface_discharge
downhole_pump,int,1,1,1,1,1,1,1,1,1,1,1,1,1,1,1,1,1,1,1,1,1,1,1,1,1,1,1,1,1,1
water_reinjection,int,1,1,1,1,1,1,1,1,1,1,1,1,1,1,1,1,1,1,1,1,1,1,1,1,1,1,1,1,1,1
natural_gas_reinjection,int,1,1,1,1,1,1,1,1,1,1,1,1,1,1,1,1,1,1,1,1,1,1,1,1,1,1,1,1,1,1
water_flooding,int,0,0,0,0,0,0,0,0,0,0,0,0,0,0,0,0,0,0,0,0,0,0,0,0,0,0,0,0,0,0
gas_lifting,int,0,0,0,0,0,0,0,0,0,0,0,0,0,0,0,0,0,0,0,0,0,0,0,0,0,0,0,0,0,0
gas_flooding,int,0,0,0,0,0,0,0,0,0,0,0,0,0,0,0,0,0,0,0,0,0,0,0,0,0,0,0,0,0,0
steam_flooding,int,0,0,0,0,0,0,0,0,0,0,0,0,0,0,0,0,0,0,0,0,0,0,0,0,0,0,0,0,0,0
country,str,USA,USA,USA,USA,USA,USA,USA,USA,USA,USA,USA,USA,USA,USA,USA,USA,USA,USA,USA,USA,USA,USA,USA,USA,USA,USA,USA,USA,USA,USA
name,str,ch4_20_low_eur_Y1,ch4_20_low_eur_Y2,ch4_20_low_eur_Y3,ch4_20_low_eur_Y4,ch4_20_low_eur_Y5,ch4_20_low_eur_Y6,ch4_20_low_eur_Y7,ch4_20_low_eur_Y8,ch4_20_low_eur_Y9,ch4_20_low_eur_Y10,ch4_20_low_eur_Y11,ch4_20_low_eur_Y12,ch4_20_low_eur_Y13,ch4_20_low_eur_Y14,ch4_20_low_eur_Y15,ch4_20_low_eur_Y16,ch4_20_low_eur_Y17,ch4_20_low_eur_Y18,ch4_20_low_eur_Y19,ch4_20_low_eur_Y20,ch4_20_low_eur_Y21,ch4_20_low_eur_Y22,ch4_20_low_eur_Y23,ch4_20_low_eur_Y24,ch4_20_low_eur_Y25,ch4_20_low_eur_Y26,ch4_20_low_eur_Y27,ch4_20_low_eur_Y28,ch4_20_low_eur_Y29,ch4_20_low_eur_Y30
age,int,1,2,3,4,5,6,7,8,9,10,11,12,13,14,15,16,17,18,19,20,21,22,23,24,25,26,27,28,29,30
depth,float,10000,10000,10000,10000,10000,10000,10000,10000,10000,10000,10000,10000,10000,10000,10000,10000,10000,10000,10000,10000,10000,10000,10000,10000,10000,10000,10000,10000,10000,10000
oil_prod,float,0.1,0.1,0.1,0.1,0.1,0.1,0.1,0.1,0.1,0.1,0.1,0.1,0.1,0.1,0.1,0.1,0.1,0.1,0.1,0.1,0.1,0.1,0.1,0.1,0.1,0.1,0.1,0.1,0.1,0.1
num_prod_wells,int,8,8,8,8,8,8,8,8,8,8,8,8,8,8,8,8,8,8,8,8,8,8,8,8,8,8,8,8,8,8
num_water_inj_wells,int,1,1,1,1,1,1,1,1,1,1,1,1,1,1,1,1,1,1,1,1,1,1,1,1,1,1,1,1,1,1
res_press,float,4500.0,4500.0,4500.0,4500.0,4500.0,4500.0,4500.0,4500.0,4500.0,4500.0,4500.0,4500.0,4500.0,4500.0,4500.0,4500.0,4500.0,4500.0,4500.0,4500.0,4500.0,4500.0,4500.0,4500.0,4500.0,4500.0,4500.0,4500.0,4500.0,4500.0
offshore,int,0,0,0,0,0,0,0,0,0,0,0,0,0,0,0,0,0,0,0,0,0,0,0,0,0,0,0,0,0,0
gas_comp_N2,float,30,30,30,30,30,30,30,30,30,30,30,30,30,30,30,30,30,30,30,30,30,30,30,30,30,30,30,30,30,30
gas_comp_CO2,float,0,0,0,0,0,0,0,0,0,0,0,0,0,0,0,0,0,0,0,0,0,0,0,0,0,0,0,0,0,0
gas_comp_C1,float,20,20,20,20,20,20,20,20,20,20,20,20,20,20,20,20,20,20,20,20,20,20,20,20,20,20,20,20,20,20
gas_comp_C2,float,0,0,0,0,0,0,0,0,0,0,0,0,0,0,0,0,0,0,0,0,0,0,0,0,0,0,0,0,0,0
gas_comp_C3,float,0,0,0,0,0,0,0,0,0,0,0,0,0,0,0,0,0,0,0,0,0,0,0,0,0,0,0,0,0,0
gas_comp_C4,float,0,0,0,0,0,0,0,0,0,0,0,0,0,0,0,0,0,0,0,0,0,0,0,0,0,0,0,0,0,0
gas_comp_H2S,float,0,0,0,0,0,0,0,0,0,0,0,0,0,0,0,0,0,0,0,0,0,0,0,0,0,0,0,0,0,0
gas_comp_H2,float,50,50,50,50,50,50,50,50,50,50,50,50,50,50,50,50,50,50,50,50,50,50,50,50,50,50,50,50,50,50
GOR,float,238894.12181661825,215004.7096349564,193504.2386714608,174153.81480431472,156738.43332388322,141064.5899914949,126958.13099234541,114262.31789311089,102836.08610379981,92552.47749341982,83297.22974407783,74967.50676967004,67470.75609270306,60723.680483432756,54651.31243508948,49186.18119158053,44267.563072422476,39840.806765180234,35856.7260886622,32271.053479795995,29043.948131816393,26139.553318634753,23525.597986771278,21173.038188094153,19055.734369284735,17150.160932356262,15435.144839120636,13891.630355208572,12502.467319687717,11252.220587718944
WOR,float,93.16870750848112,83.851836757633,75.46665308186971,67.91998777368273,61.12798899631446,55.01519009668301,49.51367108701471,44.562303978313246,40.106073580481926,36.09546622243373,32.48591960019036,29.237327640171316,26.31359487615419,23.682235388538775,21.314011849684896,19.182610664716407,17.264349598244767,15.537914638420292,13.984123174578258,12.585710857120437,11.327139771408392,10.194425794267554,9.174983214840799,8.25748489335672,7.431736404021047,6.688562763618942,6.019706487257048,5.4177358385313426,4.8759622546782095,4.388366029210388
fraction_elec_onsite,float,1.0,1.0,1.0,1.0,1.0,1.0,1.0,1.0,1.0,1.0,1.0,1.0,1.0,1.0,1.0,1.0,1.0,1.0,1.0,1.0,1.0,1.0,1.0,1.0,1.0,1.0,1.0,1.0,1.0,1.0
fraction_remaining_gas_inj,float,1.0,1.0,1.0,1.0,1.0,1.0,1.0,1.0,1.0,1.0,1.0,1.0,1.0,1.0,1.0,1.0,1.0,1.0,1.0,1.0,1.0,1.0,1.0,1.0,1.0,1.0,1.0,1.0,1.0,1.0
fraction_water_reinjected,float,1,1,1,1,1,1,1,1,1,1,1,1,1,1,1,1,1,1,1,1,1,1,1,1,1,1,1,1,1,1
frac_venting,float,1,1,1,1,1,1,1,1,1,1,1,1,1,1,1,1,1,1,1,1,1,1,1,1,1,1,1,1,1,1
PsaPreCompressor.suction_pressure,float,64.7,64.7,64.7,64.7,64.7,64.7,64.7,64.7,64.7,64.7,64.7,64.7,64.7,64.7,64.7,64.7,64.7,64.7,64.7,64.7,64.7,64.7,64.7,64.7,64.7,64.7,64.7,64.7,64.7,64.7
PsaPreCompressor.discharge_pressure,float,464.7,464.7,464.7,464.7,464.7,464.7,464.7,464.7,464.7,464.7,464.7,464.7,464.7,464.7,464.7,464.7,464.7,464.7,464.7,464.7,464.7,464.7,464.7,464.7,464.7,464.7,464.7,464.7,464.7,464.7
PsaPreCompressor.prime_mover_type,str,Electric_motor,Electric_motor,Electric_motor,Electric_motor,Electric_motor,Electric_motor,Electric_motor,Electric_motor,Electric_motor,Electric_motor,Electric_motor,Electric_motor,Electric_motor,Electric_motor,Electric_motor,Electric_motor,Electric_motor,Electric_motor,Electric_motor,Electric_motor,Electric_motor,Electric_motor,Electric_motor,Electric_motor,Electric_motor,Electric_motor,Electric_motor,Electric_motor,Electric_motor,Electric_motor
PressureSwingAdsorption.flaring,int,0,0,0,0,0,0,0,0,0,0,0,0,0,0,0,0,0,0,0,0,0,0,0,0,0,0,0,0,0,0
slip_rate,float,0.1,0.1,0.1,0.1,0.1,0.1,0.1,0.1,0.1,0.1,0.1,0.1,0.1,0.1,0.1,0.1,0.1,0.1,0.1,0.1,0.1,0.1,0.1,0.1,0.1,0.1,0.1,0.1,0.1,0.1
PSA_waste_gas_P,float,15.7,15.7,15.7,15.7,15.7,15.7,15.7,15.7,15.7,15.7,15.7,15.7,15.7,15.7,15.7,15.7,15.7,15.7,15.7,15.7,15.7,15.7,15.7,15.7,15.7,15.7,15.7,15.7,15.7,15.7
PSA_waste_gas_T,float,32,32,32,32,32,32,32,32,32,32,32,32,32,32,32,32,32,32,32,32,32,32,32,32,32,32,32,32,32,32
DownholePump.prime_mover_type,str,Electric_motor,Electric_motor,Electric_motor,Electric_motor,Electric_motor,Electric_motor,Electric_motor,Electric_motor,Electric_motor,Electric_motor,Electric_motor,Electric_motor,Electric_motor,Electric_motor,Electric_motor,Electric_motor,Electric_motor,Electric_motor,Electric_motor,Electric_motor,Electric_motor,Electric_motor,Electric_motor,Electric_motor,Electric_motor,Electric_motor,Electric_motor,Electric_motor,Electric_motor,Electric_motor
Separation.prime_mover_type,str,Electric_motor,Electric_motor,Electric_motor,Electric_motor,Electric_motor,Electric_motor,Electric_motor,Electric_motor,Electric_motor,Electric_motor,Electric_motor,Electric_motor,Electric_motor,Electric_motor,Electric_motor,Electric_motor,Electric_motor,Electric_motor,Electric_motor,Electric_motor,Electric_motor,Electric_motor,Electric_motor,Electric_motor,Electric_motor,Electric_motor,Electric_motor,Electric_motor,Electric_motor,Electric_motor
GasReinjectionCompressor.prime_mover_type,str,Electric_motor,Electric_motor,Electric_motor,Electric_motor,Electric_motor,Electric_motor,Electric_motor,Electric_motor,Electric_motor,Electric_motor,Electric_motor,Electric_motor,Electric_motor,Electric_motor,Electric_motor,Electric_motor,Electric_motor,Electric_motor,Electric_motor,Electric_motor,Electric_motor,Electric_motor,Electric_motor,Electric_motor,Electric_motor,Electric_motor,Electric_motor,Electric_motor,Electric_motor,Electric_motor
GasDehydration.prime_mover_type,str,GAS_engine,GAS_engine,GAS_engine,GAS_engine,GAS_engine,GAS_engine,GAS_engine,GAS_engine,GAS_engine,GAS_engine,GAS_engine,GAS_engine,GAS_engine,GAS_engine,GAS_engine,GAS_engine,GAS_engine,GAS_engine,GAS_engine,GAS_engine,GAS_engine,GAS_engine,GAS_engine,GAS_engine,GAS_engine,GAS_engine,GAS_engine,GAS_engine,GAS_engine,GAS_engine
AcidGasRemoval.prime_mover_type,str,GAS_engine,GAS_engine,GAS_engine,GAS_engine,GAS_engine,GAS_engine,GAS_engine,GAS_engine,GAS_engine,GAS_engine,GAS_engine,GAS_engine,GAS_engine,GAS_engine,GAS_engine,GAS_engine,GAS_engine,GAS_engine,GAS_engine,GAS_engine,GAS_engine,GAS_engine,GAS_engine,GAS_engine,GAS_engine,GAS_engine,GAS_engine,GAS_engine,GAS_engine,GAS_engine
SourGasCompressor.prime_mover_type,str,Electric_motor,Electric_motor,Electric_motor,Electric_motor,Electric_motor,Electric_motor,Electric_motor,Electric_motor,Electric_motor,Electric_motor,Electric_motor,Electric_motor,Electric_motor,Electric_motor,Electric_motor,Electric_motor,Electric_motor,Electric_motor,Electric_motor,Electric_motor,Electric_motor,Electric_motor,Electric_motor,Electric_motor,Electric_motor,Electric_motor,Electric_motor,Electric_motor,Electric_motor,Electric_motor
WaterInjection.prime_mover_type,str,Electric_motor,Electric_motor,Electric_motor,Electric_motor,Electric_motor,Electric_motor,Electric_motor,Electric_motor,Electric_motor,Electric_motor,Electric_motor,Electric_motor,Electric_motor,Electric_motor,Electric_motor,Electric_motor,Electric_motor,Electric_motor,Electric_motor,Electric_motor,Electric_motor,Electric_motor,Electric_motor,Electric_motor,Electric_motor,Electric_motor,Electric_motor,Electric_motor,Electric_motor,Electric_motor
