python_name,Type,koloma_simple_acid_gas_high_production_Y0,koloma_simple_acid_gas_high_production_Y1,koloma_simple_acid_gas_high_production_Y2,koloma_simple_acid_gas_high_production_Y3,koloma_simple_acid_gas_high_production_Y4,koloma_simple_acid_gas_high_production_Y5,koloma_simple_acid_gas_high_production_Y6,koloma_simple_acid_gas_high_production_Y7,koloma_simple_acid_gas_high_production_Y8,koloma_simple_acid_gas_high_production_Y9,koloma_simple_acid_gas_high_production_Y10,koloma_simple_acid_gas_high_production_Y11,koloma_simple_acid_gas_high_production_Y12,koloma_simple_acid_gas_high_production_Y13,koloma_simple_acid_gas_high_production_Y14,koloma_simple_acid_gas_high_production_Y15,koloma_simple_acid_gas_high_production_Y16,koloma_simple_acid_gas_high_production_Y17,koloma_simple_acid_gas_high_production_Y18,koloma_simple_acid_gas_high_production_Y19,koloma_simple_acid_gas_high_production_Y20,koloma_simple_acid_gas_high_production_Y21,koloma_simple_acid_gas_high_production_Y22,koloma_simple_acid_gas_high_production_Y23,koloma_simple_acid_gas_high_production_Y24,koloma_simple_acid_gas_high_production_Y25,koloma_simple_acid_gas_high_production_Y26,koloma_simple_acid_gas_high_production_Y27,koloma_simple_acid_gas_high_production_Y28,koloma_simple_acid_gas_high_production_Y29
downhole_pump_option,str,downhole_pump_on,downhole_pump_on,downhole_pump_on,downhole_pump_on,downhole_pump_on,downhole_pump_on,downhole_pump_on,downhole_pump_on,downhole_pump_on,downhole_pump_on,downhole_pump_on,downhole_pump_on,downhole_pump_on,downhole_pump_on,downhole_pump_on,downhole_pump_on,downhole_pump_on,downhole_pump_on,downhole_pump_on,downhole_pump_on,downhole_pump_on,downhole_pump_on,downhole_pump_on,downhole_pump_on,downhole_pump_on,downhole_pump_on,downhole_pump_on,downhole_pump_on,downhole_pump_on,downhole_pump_on
dehydrator_option,str,dehydrator_on,dehydrator_on,dehydrator_on,dehydrator_on,dehydrator_on,dehydrator_on,dehydrator_on,dehydrator_on,dehydrator_on,dehydrator_on,dehydrator_on,dehydrator_on,dehydrator_on,dehydrator_on,dehydrator_on,dehydrator_on,dehydrator_on,dehydrator_on,dehydrator_on,dehydrator_on,dehydrator_on,dehydrator_on,dehydrator_on,dehydrator_on,dehydrator_on,dehydrator_on,dehydrator_on,dehydrator_on,dehydrator_on,dehydrator_on
agr_option,str,agr_off,agr_off,agr_off,agr_off,agr_off,agr_off,agr_off,agr_off,agr_off,agr_off,agr_off,agr_off,agr_off,agr_off,agr_off,agr_off,agr_off,agr_off,agr_off,agr_off,agr_off,agr_off,agr_off,agr_off,agr_off,agr_off,agr_off,agr_off,agr_off,agr_off
waste_gas_treatment,str,onsite_electricity_generation,onsite_electricity_generation,onsite_electricity_generation,onsite_electricity_generation,onsite_electricity_generation,onsite_electricity_generation,onsite_electricity_generation,onsite_electricity_generation,onsite_electricity_generation,onsite_electricity_generation,onsite_electricity_generation,onsite_electricity_generation,onsite_electricity_generation,onsite_electricity_generation,onsite_electricity_generation,onsite_electricity_generation,onsite_electricity_generation,onsite_electricity_generation,onsite_electricity_generation,onsite_electricity_generation,onsite_electricity_generation,onsite_electricity_generation,onsite_electricity_generation,onsite_electricity_generation,onsite_electricity_generation,onsite_electricity_generation,onsite_electricity_generation,onsite_electricity_generation,onsite_electricity_generation,onsite_electricity_generation
onsite_generation_waste_gas_reinjection,int,1,1,1,1,1,1,1,1,1,1,1,1,1,1,1,1,1,1,1,1,1,1,1,1,1,1,1,1,1,1
downhole_pump,int,1,1,1,1,1,1,1,1,1,1,1,1,1,1,1,1,1,1,1,1,1,1,1,1,1,1,1,1,1,1
water_reinjection,int,1,1,1,1,1,1,1,1,1,1,1,1,1,1,1,1,1,1,1,1,1,1,1,1,1,1,1,1,1,1
natural_gas_reinjection,int,1,1,1,1,1,1,1,1,1,1,1,1,1,1,1,1,1,1,1,1,1,1,1,1,1,1,1,1,1,1
water_flooding,int,0,0,0,0,0,0,0,0,0,0,0,0,0,0,0,0,0,0,0,0,0,0,0,0,0,0,0,0,0,0
gas_lifting,int,0,0,0,0,0,0,0,0,0,0,0,0,0,0,0,0,0,0,0,0,0,0,0,0,0,0,0,0,0,0
gas_flooding,int,0,0,0,0,0,0,0,0,0,0,0,0,0,0,0,0,0,0,0,0,0,0,0,0,0,0,0,0,0,0
steam_flooding,int,0,0,0,0,0,0,0,0,0,0,0,0,0,0,0,0,0,0,0,0,0,0,0,0,0,0,0,0,0,0
country,str,USA,USA,USA,USA,USA,USA,USA,USA,USA,USA,USA,USA,USA,USA,USA,USA,USA,USA,USA,USA,USA,USA,USA,USA,USA,USA,USA,USA,USA,USA
name,str,koloma_simple_acid_gas_high_production_Y1,koloma_simple_acid_gas_high_production_Y2,koloma_simple_acid_gas_high_production_Y3,koloma_simple_acid_gas_high_production_Y4,koloma_simple_acid_gas_high_production_Y5,koloma_simple_acid_gas_high_production_Y6,koloma_simple_acid_gas_high_production_Y7,koloma_simple_acid_gas_high_production_Y8,koloma_simple_acid_gas_high_production_Y9,koloma_simple_acid_gas_high_production_Y10,koloma_simple_acid_gas_high_production_Y11,koloma_simple_acid_gas_high_production_Y12,koloma_simple_acid_gas_high_production_Y13,koloma_simple_acid_gas_high_production_Y14,koloma_simple_acid_gas_high_production_Y15,koloma_simple_acid_gas_high_production_Y16,koloma_simple_acid_gas_high_production_Y17,koloma_simple_acid_gas_high_production_Y18,koloma_simple_acid_gas_high_production_Y19,koloma_simple_acid_gas_high_production_Y20,koloma_simple_acid_gas_high_production_Y21,koloma_simple_acid_gas_high_production_Y22,koloma_simple_acid_gas_high_production_Y23,koloma_simple_acid_gas_high_production_Y24,koloma_simple_acid_gas_high_production_Y25,koloma_simple_acid_gas_high_production_Y26,koloma_simple_acid_gas_high_production_Y27,koloma_simple_acid_gas_high_production_Y28,koloma_simple_acid_gas_high_production_Y29,koloma_simple_acid_gas_high_production_Y30
age,int,1,2,3,4,5,6,7,8,9,10,11,12,13,14,15,16,17,18,19,20,21,22,23,24,25,26,27,28,29,30
depth,float,10000,10000,10000,10000,10000,10000,10000,10000,10000,10000,10000,10000,10000,10000,10000,10000,10000,10000,10000,10000,10000,10000,10000,10000,10000,10000,10000,10000,10000,10000
oil_prod,float,0.1,0.1,0.1,0.1,0.1,0.1,0.1,0.1,0.1,0.1,0.1,0.1,0.1,0.1,0.1,0.1,0.1,0.1,0.1,0.1,0.1,0.1,0.1,0.1,0.1,0.1,0.1,0.1,0.1,0.1
num_prod_wells,int,8,8,8,8,8,8,8,8,8,8,8,8,8,8,8,8,8,8,8,8,8,8,8,8,8,8,8,8,8,8
num_water_inj_wells,int,1,1,1,1,1,1,1,1,1,1,1,1,1,1,1,1,1,1,1,1,1,1,1,1,1,1,1,1,1,1
offshore,int,0,0,0,0,0,0,0,0,0,0,0,0,0,0,0,0,0,0,0,0,0,0,0,0,0,0,0,0,0,0
gas_comp_N2,float,9.700000000000003,9.700000000000003,9.700000000000003,9.700000000000003,9.700000000000003,9.700000000000003,9.700000000000003,9.700000000000003,9.700000000000003,9.700000000000003,9.700000000000003,9.700000000000003,9.700000000000003,9.700000000000003,9.700000000000003,9.700000000000003,9.700000000000003,9.700000000000003,9.700000000000003,9.700000000000003,9.700000000000003,9.700000000000003,9.700000000000003,9.700000000000003,9.700000000000003,9.700000000000003,9.700000000000003,9.700000000000003,9.700000000000003,9.700000000000003
gas_comp_CO2,float,10,10,10,10,10,10,10,10,10,10,10,10,10,10,10,10,10,10,10,10,10,10,10,10,10,10,10,10,10,10
gas_comp_C1,float,0.1,0.1,0.1,0.1,0.1,0.1,0.1,0.1,0.1,0.1,0.1,0.1,0.1,0.1,0.1,0.1,0.1,0.1,0.1,0.1,0.1,0.1,0.1,0.1,0.1,0.1,0.1,0.1,0.1,0.1
gas_comp_C2,float,0,0,0,0,0,0,0,0,0,0,0,0,0,0,0,0,0,0,0,0,0,0,0,0,0,0,0,0,0,0
gas_comp_C3,float,0,0,0,0,0,0,0,0,0,0,0,0,0,0,0,0,0,0,0,0,0,0,0,0,0,0,0,0,0,0
gas_comp_C4,float,0,0,0,0,0,0,0,0,0,0,0,0,0,0,0,0,0,0,0,0,0,0,0,0,0,0,0,0,0,0
gas_comp_H2S,float,0.2,0.2,0.2,0.2,0.2,0.2,0.2,0.2,0.2,0.2,0.2,0.2,0.2,0.2,0.2,0.2,0.2,0.2,0.2,0.2,0.2,0.2,0.2,0.2,0.2,0.2,0.2,0.2,0.2,0.2
gas_comp_H2,float,80,80,80,80,80,80,80,80,80,80,80,80,80,80,80,80,80,80,80,80,80,80,80,80,80,80,80,80,80,80
GOR,float,1287453351.1075234,1158708015.996771,1042837214.3970941,938553492.9573847,844698143.661646,760228329.2954816,684205496.3659333,615784946.7293401,554206452.0564061,498785806.85076547,448907226.16568893,404016503.54912,363614853.19420815,327253367.8747873,294528031.0873085,265075227.9785777,238567705.1807199,214710934.662648,193239841.19638315,173915857.07674485,156524271.36907038,140871844.23216334,126784659.80894703,114106193.82805231,102695574.44524707,92426017.00072238,83183415.30065013,74865073.77058512,67378566.39352661,60640709.75417396
WOR,float,553503.5666966203,498153.21002695826,448337.8890242625,403504.10012183624,363153.6901096525,326838.32109868736,294154.48898881854,264739.04008993675,238265.1360809431,214438.62247284877,192994.7602255639,173695.2842030075,156325.7557827068,140693.1802044361,126623.86218399247,113961.47596559324,102565.32836903392,92308.79553213055,83077.91597891747,74770.12438102574,67293.11194292318,60563.80074863085,54507.420673767774,49056.67860639099,44151.01074575189,39735.909671176705,35762.318704059035,32186.086833653128,28967.478150287818,26070.73033525904
fraction_elec_onsite,float,1.0,1.0,1.0,1.0,1.0,1.0,1.0,1.0,1.0,1.0,1.0,1.0,1.0,1.0,1.0,1.0,1.0,1.0,1.0,1.0,1.0,1.0,1.0,1.0,1.0,1.0,1.0,1.0,1.0,1.0
fraction_remaining_gas_inj,float,1.0,1.0,1.0,1.0,1.0,1.0,1.0,1.0,1.0,1.0,1.0,1.0,1.0,1.0,1.0,1.0,1.0,1.0,1.0,1.0,1.0,1.0,1.0,1.0,1.0,1.0,1.0,1.0,1.0,1.0
fraction_water_reinjected,float,1,1,1,1,1,1,1,1,1,1,1,1,1,1,1,1,1,1,1,1,1,1,1,1,1,1,1,1,1,1
frac_venting,float,1,1,1,1,1,1,1,1,1,1,1,1,1,1,1,1,1,1,1,1,1,1,1,1,1,1,1,1,1,1
PsaPreCompressor.suction_pressure,float,64.7,64.7,64.7,64.7,64.7,64.7,64.7,64.7,64.7,64.7,64.7,64.7,64.7,64.7,64.7,64.7,64.7,64.7,64.7,64.7,64.7,64.7,64.7,64.7,64.7,64.7,64.7,64.7,64.7,64.7
PsaPreCompressor.discharge_pressure,float,464.7,464.7,464.7,464.7,464.7,464.7,464.7,464.7,464.7,464.7,464.7,464.7,464.7,464.7,464.7,464.7,464.7,464.7,464.7,464.7,464.7,464.7,464.7,464.7,464.7,464.7,464.7,464.7,464.7,464.7
PsaPreCompressor.prime_mover_type,str,Electric_motor,Electric_motor,Electric_motor,Electric_motor,Electric_motor,Electric_motor,Electric_motor,Electric_motor,Electric_motor,Electric_motor,Electric_motor,Electric_motor,Electric_motor,Electric_motor,Electric_motor,Electric_motor,Electric_motor,Electric_motor,Electric_motor,Electric_motor,Electric_motor,Electric_motor,Electric_motor,Electric_motor,Electric_motor,Electric_motor,Electric_motor,Electric_motor,Electric_motor,Electric_motor
PressureSwingAdsorption.flaring,int,0,0,0,0,0,0,0,0,0,0,0,0,0,0,0,0,0,0,0,0,0,0,0,0,0,0,0,0,0,0
slip_rate,float,0.1,0.1,0.1,0.1,0.1,0.1,0.1,0.1,0.1,0.1,0.1,0.1,0.1,0.1,0.1,0.1,0.1,0.1,0.1,0.1,0.1,0.1,0.1,0.1,0.1,0.1,0.1,0.1,0.1,0.1
PSA_waste_gas_P,float,15.7,15.7,15.7,15.7,15.7,15.7,15.7,15.7,15.7,15.7,15.7,15.7,15.7,15.7,15.7,15.7,15.7,15.7,15.7,15.7,15.7,15.7,15.7,15.7,15.7,15.7,15.7,15.7,15.7,15.7
PSA_waste_gas_T,float,32,32,32,32,32,32,32,32,32,32,32,32,32,32,32,32,32,32,32,32,32,32,32,32,32,32,32,32,32,32
DownholePump.prime_mover_type,str,Electric_motor,Electric_motor,Electric_motor,Electric_motor,Electric_motor,Electric_motor,Electric_motor,Electric_motor,Electric_motor,Electric_motor,Electric_motor,Electric_motor,Electric_motor,Electric_motor,Electric_motor,Electric_motor,Electric_motor,Electric_motor,Electric_motor,Electric_motor,Electric_motor,Electric_motor,Electric_motor,Electric_motor,Electric_motor,Electric_motor,Electric_motor,Electric_motor,Electric_motor,Electric_motor
Separation.prime_mover_type,str,Electric_motor,Electric_motor,Electric_motor,Electric_motor,Electric_motor,Electric_motor,Electric_motor,Electric_motor,Electric_motor,Electric_motor,Electric_motor,Electric_motor,Electric_motor,Electric_motor,Electric_motor,Electric_motor,Electric_motor,Electric_motor,Electric_motor,Electric_motor,Electric_motor,Electric_motor,Electric_motor,Electric_motor,Electric_motor,Electric_motor,Electric_motor,Electric_motor,Electric_motor,Electric_motor
GasReinjectionCompressor.prime_mover_type,str,Electric_motor,Electric_motor,Electric_motor,Electric_motor,Electric_motor,Electric_motor,Electric_motor,Electric_motor,Electric_motor,Electric_motor,Electric_motor,Electric_motor,Electric_motor,Electric_motor,Electric_motor,Electric_motor,Electric_motor,Electric_motor,Electric_motor,Electric_motor,Electric_motor,Electric_motor,Electric_motor,Electric_motor,Electric_motor,Electric_motor,Electric_motor,Electric_motor,Electric_motor,Electric_motor
AcidGasRemoval.prime_mover_type,str,GAS_engine,GAS_engine,GAS_engine,GAS_engine,GAS_engine,GAS_engine,GAS_engine,GAS_engine,GAS_engine,GAS_engine,GAS_engine,GAS_engine,GAS_engine,GAS_engine,GAS_engine,GAS_engine,GAS_engine,GAS_engine,GAS_engine,GAS_engine,GAS_engine,GAS_engine,GAS_engine,GAS_engine,GAS_engine,GAS_engine,GAS_engine,GAS_engine,GAS_engine,GAS_engine
SourGasCompressor.prime_mover_type,str,Electric_motor,Electric_motor,Electric_motor,Electric_motor,Electric_motor,Electric_motor,Electric_motor,Electric_motor,Electric_motor,Electric_motor,Electric_motor,Electric_motor,Electric_motor,Electric_motor,Electric_motor,Electric_motor,Electric_motor,Electric_motor,Electric_motor,Electric_motor,Electric_motor,Electric_motor,Electric_motor,Electric_motor,Electric_motor,Electric_motor,Electric_motor,Electric_motor,Electric_motor,Electric_motor
